Workbook

Sheet Iteraciones
A1: 5 iteraciones — mismos mapa/semilla/inicio/meta para los 5 algoritmos por iteración
A4: Iteración | B4: Semilla | C4: Inicio | D4: Meta | E4: Algoritmo | F4: Tiempo (ms) | G4: Nodos Expandidos | H4: Longitud (Pasos) | I4: Costo Ponderado | J4: Agua (pasos) | K4: Bosque (pasos)
A5: 1 | B5: 1786823222 | C5: (20, 32) | D5: (4, 4) | E5: A* | F5: 0.4121 | G5: 91 | H5: 55 | I5: 210 | J5: 5 | K5: 15
E6: Greedy | F6: 0.2806 | G6: 85 | H6: 59 | I6: 272 | J6: 7 | K6: 20
E7: ACO | F7: 1706.9733 | G7: 15965 | H7: 79 | I7: 307 | J7: 8 | K7: 19
E8: RRT* | F8: 3464.2499 | G8: 1258 | H8: 83 | I8: 311 | J8: 8 | K8: 19
E9: Native | F9: 267.891 | G9: N/A | H9: 84 | I9: 221 | J9: 3 | K9: 20
A10: 2 | B10: 1786823448 | C10: (28, 20) | D10: (10, 19) | E10: A* | F10: 0.4242 | G10: 67 | H10: 34 | I10: 89 | J10: 1 | K10: 9
E11: Greedy | F11: 0.0864 | G11: 35 | H11: 30 | I11: 115 | J11: 3 | K11: 7
E12: ACO | F12: 1781.0541 | G12: 14866 | H12: 30 | I12: 115 | J12: 3 | K12: 7
E13: RRT* | F13: 3546.721 | G13: 1343 | H13: 33 | I13: 122 | J13: 3 | K13: 8
E14: Native | F14: 158.8149 | G14: N/A | H14: 43 | I14: 106 | J14: 1 | K14: 11
A15: 3 | B15: 1786823733 | C15: (6, 9) | D15: (40, 7) | E15: A* | F15: 0.6281 | G15: 176 | H15: 67 | I15: 174 | J15: 1 | K15: 22
E16: Greedy | F16: 0.4063 | G16: 90 | H16: 65 | I16: 267 | J16: 6 | K16: 22
E17: ACO | F17: 1750.2189 | G17: 13920 | H17: 69 | I17: 271 | J17: 6 | K17: 22
E18: RRT* | F18: 3259.71 | G18: 854 | H18: 79 | I18: 305 | J18: 6 | K18: 28
E19: Native | F19: 249.9031 | G19: N/A | H19: 80 | I19: 199 | J19: 1 | K19: 25
A20: 4 | B20: 1786823938 | C20: (11, 28) | D20: (38, 26) | E20: A* | F20: 0.7554 | G20: 133 | H20: 46 | I20: 223 | J20: 7 | K20: 11
E21: Greedy | F21: 0.3559 | G21: 97 | H21: 66 | I21: 366 | J21: 12 | K21: 18
E22: ACO | F22: 1747.7436 | G22: 18287 | H22: 68 | I22: 319 | J22: 9 | K22: 20
E23: RRT* | F23: 3393.48 | G23: 1128 | H23: 59 | I23: 308 | J23: 11 | K23: 10
E24: Native | F24: 253.5226 | G24: N/A | H24: 87 | I24: 293 | J24: 6 | K24: 23
A25: 5 | B25: 1786824114 | C25: (13, 33) | D25: (30, 34) | E25: A* | F25: 0.5736 | G25: 65 | H25: 33 | I25: 100 | J25: 1 | K25: 12
E26: Greedy | F26: 0.1422 | G26: 37 | H26: 31 | I26: 151 | J26: 4 | K26: 11
E27: ACO | F27: 1753.9581 | G27: 12642 | H27: 31 | I27: 151 | J27: 4 | K27: 11
E28: RRT* | F28: 3648.9074 | G28: 1361 | H28: 33 | I28: 115 | J28: 2 | K28: 11
E29: Native | F29: 202.3217 | G29: N/A | H29: 41 | I29: 116 | J29: 1 | K29: 14

Sheet Promedios
A1: Promedios de las 5 iteraciones
A4: Algoritmo | B4: Tiempo (ms) prom. | C4: Nodos Expandidos prom. | D4: Longitud (Pasos) prom. | E4: Costo Ponderado prom. | F4: Agua (pasos) prom. | G4: Bosque (pasos) prom.
A5: A* | B5: =AVERAGEIF(Iteraciones!$E:$E,"A~*",Iteraciones!$F:$F) -> 0.55868 | C5: =IFERROR(AVERAGEIF(Iteraciones!$E:$E,"A~*",Iteraciones!$G:$G),"N/A") -> 106.4 | D5: =AVERAGEIF(Iteraciones!$E:$E,"A~*",Iteraciones!$H:$H) -> 47 | E5: =AVERAGEIF(Iteraciones!$E:$E,"A~*",Iteraciones!$I:$I) -> 159.2 | F5: =AVERAGEIF(Iteraciones!$E:$E,"A~*",Iteraciones!$J:$J) -> 3 | G5: =AVERAGEIF(Iteraciones!$E:$E,"A~*",Iteraciones!$K:$K) -> 13.8
A6: Greedy | B6: =AVERAGEIF(Iteraciones!$E:$E,"Greedy",Iteraciones!$F:$F) -> 0.25428 | C6: =IFERROR(AVERAGEIF(Iteraciones!$E:$E,"Greedy",Iteraciones!$G:$G),"N/A") -> 68.8 | D6: =AVERAGEIF(Iteraciones!$E:$E,"Greedy",Iteraciones!$H:$H) -> 50.2 | E6: =AVERAGEIF(Iteraciones!$E:$E,"Greedy",Iteraciones!$I:$I) -> 234.2 | F6: =AVERAGEIF(Iteraciones!$E:$E,"Greedy",Iteraciones!$J:$J) -> 6.4 | G6: =AVERAGEIF(Iteraciones!$E:$E,"Greedy",Iteraciones!$K:$K) -> 15.6
A7: ACO | B7: =AVERAGEIF(Iteraciones!$E:$E,"ACO",Iteraciones!$F:$F) -> 1747.9896 | C7: =IFERROR(AVERAGEIF(Iteraciones!$E:$E,"ACO",Iteraciones!$G:$G),"N/A") -> 15136 | D7: =AVERAGEIF(Iteraciones!$E:$E,"ACO",Iteraciones!$H:$H) -> 55.4 | E7: =AVERAGEIF(Iteraciones!$E:$E,"ACO",Iteraciones!$I:$I) -> 232.6 | F7: =AVERAGEIF(Iteraciones!$E:$E,"ACO",Iteraciones!$J:$J) -> 6 | G7: =AVERAGEIF(Iteraciones!$E:$E,"ACO",Iteraciones!$K:$K) -> 15.8
A8: RRT* | B8: =AVERAGEIF(Iteraciones!$E:$E,"RRT~*",Iteraciones!$F:$F) -> 3462.6137 | C8: =IFERROR(AVERAGEIF(Iteraciones!$E:$E,"RRT~*",Iteraciones!$G:$G),"N/A") -> 1188.8 | D8: =AVERAGEIF(Iteraciones!$E:$E,"RRT~*",Iteraciones!$H:$H) -> 57.4 | E8: =AVERAGEIF(Iteraciones!$E:$E,"RRT~*",Iteraciones!$I:$I) -> 232.2 | F8: =AVERAGEIF(Iteraciones!$E:$E,"RRT~*",Iteraciones!$J:$J) -> 6 | G8: =AVERAGEIF(Iteraciones!$E:$E,"RRT~*",Iteraciones!$K:$K) -> 15.2
A9: Native | B9: =AVERAGEIF(Iteraciones!$E:$E,"Native",Iteraciones!$F:$F) -> 226.49066 | C9: =IFERROR(AVERAGEIF(Iteraciones!$E:$E,"Native",Iteraciones!$G:$G),"N/A") -> N/A | D9: =AVERAGEIF(Iteraciones!$E:$E,"Native",Iteraciones!$H:$H) -> 67 | E9: =AVERAGEIF(Iteraciones!$E:$E,"Native",Iteraciones!$I:$I) -> 187 | F9: =AVERAGEIF(Iteraciones!$E:$E,"Native",Iteraciones!$J:$J) -> 2.4 | G9: =AVERAGEIF(Iteraciones!$E:$E,"Native",Iteraciones!$K:$K) -> 18.6
